<?xml version="1.0" encoding="UTF-8"?>
<!--
Licensed to the Apache Software Foundation (ASF) under one
or more contributor license agreements.  See the NOTICE file
distributed with this work for additional information
regarding copyright ownership.  The ASF licenses this file
to you under the Apache License, Version 2.0 (the
"License"); you may not use this file except in compliance
with the License.  You may obtain a copy of the License at

http://www.apache.org/licenses/LICENSE-2.0

Unless required by applicable law or agreed to in writing,
software distributed under the License is distributed on an
"AS IS" BASIS, WITHOUT WARRANTIES OR CONDITIONS OF ANY
KIND, either express or implied.  See the License for the
specific language governing permissions and limitations
under the License.
-->
<entity-engine-xml>
    <!-- Content Manager security -->
    <SecurityPermission description="View operations in the Content Manager." permissionId="CONTENTMGR_VIEW"/>
    <SecurityPermission description="Create operations in the Content Manager." permissionId="CONTENTMGR_CREATE"/>
    <SecurityPermission description="Update operations in the Content Manager." permissionId="CONTENTMGR_UPDATE"/>
    <SecurityPermission description="Delete operations in the Content Manager." permissionId="CONTENTMGR_DELETE"/>
    <SecurityPermission description="ALL operations in the Content Manager." permissionId="CONTENTMGR_ADMIN"/>

    <!-- Content ROLE security -->
    <SecurityPermission description="Limited View operations in the Content Manager." permissionId="CONTENTMGR_ROLE_VIEW"/>
    <SecurityPermission description="Limited Create operations in the Content Manager." permissionId="CONTENTMGR_ROLE_CREATE"/>
    <SecurityPermission description="Limited Update operations in the Content Manager." permissionId="CONTENTMGR_ROLE_UPDATE"/>
    <SecurityPermission description="Limited Delete operations in the Content Manager." permissionId="CONTENTMGR_ROLE_DELETE"/>

    <!-- Control Applet security -->
    <SecurityPermission description="Send to the Control Applet." permissionId="SEND_CONTROL_APPLET"/>
    
    <!-- add admin to SUPER permission group -->
    <SecurityGroupPermission groupId="SUPER" permissionId="CONTENTMGR_ADMIN"/>
    <SecurityGroupPermission groupId="SUPER" permissionId="SEND_CONTROL_APPLET"/>
</entity-engine-xml>
