<?xml version="1.0" encoding="UTF-8"?>
<!--
Licensed to the Apache Software Foundation (ASF) under one
or more contributor license agreements.  See the NOTICE file
distributed with this work for additional information
regarding copyright ownership.  The ASF licenses this file
to you under the Apache License, Version 2.0 (the
"License"); you may not use this file except in compliance
with the License.  You may obtain a copy of the License at

http://www.apache.org/licenses/LICENSE-2.0

Unless required by applicable law or agreed to in writing,
software distributed under the License is distributed on an
"AS IS" BASIS, WITHOUT WARRANTIES OR CONDITIONS OF ANY
KIND, either express or implied.  See the License for the
specific language governing permissions and limitations
under the License.
-->

<service-eca xmlns:xsi="http://www.w3.org/2001/XMLSchema-instance"
        xsi:noNamespaceSchemaLocation="http://ofbiz.apache.org/dtds/service-eca.xsd">

    <!-- On cancelling invoice reverse its Accounting Transactions -->
    <eca service="cancelInvoice" event="invoke">
        <action service="revertAcctgTransOnCancelInvoice" mode="sync"/>
    </eca>

    <!-- Remove InvoiceItemAssoc on cancel commission invoice -->
    <eca service="cancelInvoice" event="commit">
        <condition field-name="invoiceTypeId" operator="equals" value="COMMISSION_INVOICE"/>
        <action service="removeInvoiceItemAssocOnCancelInvoice" mode="sync"/>
    </eca>

    <eca service="cancelInvoice" event="commit">
        <action service="resetOrderItemBillingAndOrderAdjustmentBillingOnCancelInvoice" mode="sync"/>
    </eca>

    <eca service="setInvoiceStatus" event="commit">
        <condition field-name="statusId" operator="equals" value="INVOICE_APPROVED"/>
        <condition field-name="oldStatusId" operator="not-equals" value="INVOICE_APPROVED"/>
        <action service="createMatchingPaymentApplication" mode="sync"/>
    </eca>
    <eca service="setInvoiceStatus" event="return">
        <condition field-name="statusId" operator="equals" value="INVOICE_READY"/>
        <condition field-name="oldStatusId" operator="equals" value="INVOICE_IN_PROCESS"/>
        <action service="createMatchingPaymentApplication" mode="sync"/>
    </eca>

    <eca service="setInvoiceStatus" event="commit">
        <condition field-name="invoiceId" operator="is-not-empty"/>
        <condition field-name="statusId" operator="equals" value="INVOICE_READY"/>
        <condition field-name="oldStatusId" operator="not-equals" value="INVOICE_READY"/>
        <condition field-name="oldStatusId" operator="not-equals" value="INVOICE_PAID"/>
        <action service="checkInvoicePaymentApplications" mode="sync"/>
        <action service="capturePaymentsByInvoice" mode="sync"/>
    </eca>
</service-eca>
