<?xml version="1.0" encoding="UTF-8"?>
<!--
Licensed to the Apache Software Foundation (ASF) under one
or more contributor license agreements.  See the NOTICE file
distributed with this work for additional information
regarding copyright ownership.  The ASF licenses this file
to you under the Apache License, Version 2.0 (the
"License"); you may not use this file except in compliance
with the License.  You may obtain a copy of the License at

http://www.apache.org/licenses/LICENSE-2.0

Unless required by applicable law or agreed to in writing,
software distributed under the License is distributed on an
"AS IS" BASIS, WITHOUT WARRANTIES OR CONDITIONS OF ANY
KIND, either express or implied.  See the License for the
specific language governing permissions and limitations
under the License.
-->

<services xmlns:xsi="http://www.w3.org/2001/XMLSchema-instance"
        xsi:noNamespaceSchemaLocation="http://ofbiz.apache.org/dtds/services.xsd">
    <description>Accounting Services</description>
    <vendor>OFBiz</vendor>
    <version>1.0</version>

    <!-- Authorize.NET Implementations -->
    <service name="aimCCAuth" engine="java"
            location="org.apache.ofbiz.accounting.thirdparty.authorizedotnet.AIMPaymentServices" invoke="ccAuth">
        <description>Authorize.NET Payment Authorization</description>
        <implements service="ccAuthInterface"/>
    </service>
    <service name="aimCCAuthCapture" engine="java"
            location="org.apache.ofbiz.accounting.thirdparty.authorizedotnet.AIMPaymentServices" invoke="ccAuthCapture">
        <description>Authorize.NET Payment Authorize and Capture service</description>
        <implements service="ccAuthInterface"/>
    </service>
    <service name="aimCCCapture" engine="java"
            location="org.apache.ofbiz.accounting.thirdparty.authorizedotnet.AIMPaymentServices" invoke="ccCapture">
        <description>Authorize.NET Payment Capture Service</description>
        <implements service="ccCaptureInterface"/>
    </service>
    <service name="aimCCRelease" engine="java"
            location="org.apache.ofbiz.accounting.thirdparty.authorizedotnet.AIMPaymentServices" invoke="ccRelease">
        <description>Authorize.NET Payment Release Service - NOT IMPLEMENTED YET</description>
        <implements service="paymentReleaseInterface"/>
    </service>
    <service name="aimCCRefund" engine="java"
            location="org.apache.ofbiz.accounting.thirdparty.authorizedotnet.AIMPaymentServices" invoke="ccRefund">
        <description>Authorize.NET Payment Refund Service</description>
        <implements service="paymentRefundInterface"/>
    </service>
    <service name="aimCCCredit" engine="java"
            location="org.apache.ofbiz.accounting.thirdparty.authorizedotnet.AIMPaymentServices" invoke="ccCredit">
        <description>Authorize.NET Credit Service - NOT IMPLEMENTED YET</description>
        <implements service="ccCreditInterface"/>
    </service>
</services>
