<?xml version="1.0" encoding="UTF-8"?>
<!--
Licensed to the Apache Software Foundation (ASF) under one or more
contributor license agreements. See the NOTICE file distributed with
this work for additional information regarding copyright ownership.
The ASF licenses this file to you under the Apache License, Version
2.0 (the "License"); you may not use this file except in compliance
with the License. You may obtain a copy of the License at
http://www.apache.org/licenses/LICENSE-2.0 Unless required by
applicable law or agreed to in writing, software distributed under the
License is distributed on an "AS IS" BASIS, WITHOUT WARRANTIES OR
CONDITIONS OF ANY KIND, either express or implied. See the License for
the specific language governing permissions and limitations under the
License.
-->
<section xmlns:xsi="http://www.w3.org/2001/XMLSchema-instance" version="5.0"
    xmlns:xl="http://www.w3.org/1999/xlink" xmlns:xi="http://www.w3.org/2001/XInclude"
    xsi:schemaLocation="http://docbook.org/ns/docbook ../../../content/dtd/docbook.xsd"
    xmlns="http://docbook.org/ns/docbook">
    <title>The Find Gateway Responses help screen</title>
    <para>This is the default screen for the 'Transactions' sub menu. Press the 'Lookup' button to
        display details of all transactions that have been authorised, captured or manually
        entered.</para>
    <section>
        <title>How do I view all Gateway response transactions?</title>
        <para>
            <orderedlist>
                <listitem>
                    <para>Press the 'Lookup' button</para>
                </listitem>
            </orderedlist>
        </para>
        <para>A list of all transactions that have been authorised, captured or manually entered
            will be displayed.</para>
    </section>
    <section>
        <title>Transaction results (external link)</title>
        <para>
            <link xl:href="http://www.authorize.net/support/merchant/Transaction_Response/Transaction_Response.htm">
                List of all the transaction results
            </link>
        </para>
    </section>
</section>
