<?xml version="1.0" encoding="UTF-8"?>
<!--
Licensed to the Apache Software Foundation (ASF) under one or more
contributor license agreements. See the NOTICE file distributed with
this work for additional information regarding copyright ownership.
The ASF licenses this file to you under the Apache License, Version
2.0 (the "License"); you may not use this file except in compliance
with the License. You may obtain a copy of the License at
http://www.apache.org/licenses/LICENSE-2.0 Unless required by
applicable law or agreed to in writing, software distributed under the
License is distributed on an "AS IS" BASIS, WITHOUT WARRANTIES OR
CONDITIONS OF ANY KIND, either express or implied. See the License for
the specific language governing permissions and limitations under the
License.
-->
<section xmlns:xsi="http://www.w3.org/2001/XMLSchema-instance"
    version="5.0" xmlns:xl="http://www.w3.org/1999/xlink" xmlns:xi="http://www.w3.org/2001/XInclude"
    xsi:schemaLocation="http://docbook.org/ns/docbook ../../../content/dtd/docbook.xsd"
    xmlns="http://docbook.org/ns/docbook">
    <title>The Edit Invoice Time Entries screen.</title>
    <para>he Time Entries screen displays any time logged against the
        invoice. For example these time entries can be from employee or
        external supplier timesheets that are tracked within OFBiz. is used to
        track any individual work or billable hours against an invoice.</para>
    <section>
        <title>How do I add a new time entry for an invoice?</title>
        <para>Threre are two options</para>
        <orderedlist>
        <listitem><para>Add time entry to a new invoice and add time entry
            to an existing invoice.</para></listitem>
        <listitem><para>Timesheet entries can be added to an existing invoice from
            Workeffort Manager.</para></listitem>
        </orderedlist>
    </section>
    <section>
        <title>How do I update a time entry for an invoice?</title>
        <para>NOTE: To check if this can only be done via timesheets.</para>
    </section>
    <section>
        <title>How do I remove a time entry from an invoice?</title>
        <para>NOTE: To check if this is done via timesheets </para>
    </section>
</section>
