<?xml version="1.0" encoding="UTF-8"?>
<!--
Licensed to the Apache Software Foundation (ASF) under one or more
contributor license agreements. See the NOTICE file distributed with
this work for additional information regarding copyright ownership.
The ASF licenses this file to you under the Apache License, Version
2.0 (the "License"); you may not use this file except in compliance
with the License. You may obtain a copy of the License at
http://www.apache.org/licenses/LICENSE-2.0 Unless required by
applicable law or agreed to in writing, software distributed under the
License is distributed on an "AS IS" BASIS, WITHOUT WARRANTIES OR
CONDITIONS OF ANY KIND, either express or implied. See the License for
the specific language governing permissions and limitations under the
License.
-->
<section xmlns:xsi="http://www.w3.org/2001/XMLSchema-instance" version="5.0"
    xmlns:xl="http://www.w3.org/1999/xlink" xmlns:xi="http://www.w3.org/2001/XInclude"
    xsi:schemaLocation="http://docbook.org/ns/docbook ../../../content/dtd/docbook.xsd"
    xmlns="http://docbook.org/ns/docbook">
    <title>The Edit Payment Gateway Config help screen</title>
    <para>This screen allows the user to update the payment gateway configuration.</para>
    <para>A range of parameters need to be set before the payment gateway will work This includes
        details of the username and password required for the validation of the external account
        that will be using the gateway.</para>
    <section>
        <title>How do I update a Payment Gateway Configuration?</title>
        <para>
            <orderedlist>
                <listitem>
                    <para>Select the gateway Find Payment Gateway Config screen</para>
                </listitem>
                <listitem>
                    <para>Enter the details required for the configuration type selected (NOTE: This
                        will be different for each individual configuration selected)</para>
                </listitem>
                <listitem>
                    <para>Press the 'Update' button</para>
                </listitem>
            </orderedlist>
        </para>
    </section>
</section>
