<?xml version="1.0" encoding="UTF-8"?>
<!--
Licensed to the Apache Software Foundation (ASF) under one or more
contributor license agreements. See the NOTICE file distributed with
this work for additional information regarding copyright ownership.
The ASF licenses this file to you under the Apache License, Version
2.0 (the "License"); you may not use this file except in compliance
with the License. You may obtain a copy of the License at
http://www.apache.org/licenses/LICENSE-2.0 Unless required by
applicable law or agreed to in writing, software distributed under the
License is distributed on an "AS IS" BASIS, WITHOUT WARRANTIES OR
CONDITIONS OF ANY KIND, either express or implied. See the License for
the specific language governing permissions and limitations under the
License.
-->
<section xmlns:xsi="http://www.w3.org/2001/XMLSchema-instance"
    version="5.0" xmlns:xl="http://www.w3.org/1999/xlink" xmlns:xi="http://www.w3.org/2001/XInclude"
    xsi:schemaLocation="http://docbook.org/ns/docbook ../../../content/dtd/docbook.xsd"
    xmlns="http://docbook.org/ns/docbook">
    <title>The Edit Invoice Header screen.</title>
    <para>The Invoice Header screen is used to view or update details from
        the invoice header. Examples of the type of information that can be
        changed are Due Date, Description, Currency.</para>
    <section>
        <title>How do I update the header details for an Invoice?</title>
        <orderedlist>
        <listitem><para>Select the 'Header' sub menu and the header details of the
            invoice will be displayed</para></listitem>
        <listitem><para>Update the fields required</para></listitem>
        <listitem><para> Press the 'Update' button</para></listitem>
        </orderedlist>
    </section>
</section>

