<?xml version="1.0" encoding="UTF-8"?>
<!--
    Licensed to the Apache Software Foundation (ASF) under one
    or more contributor license agreements.  See the NOTICE file
    distributed with this work for additional information
    regarding copyright ownership.  The ASF licenses this file
    to you under the Apache License, Version 2.0 (the
    "License"); you may not use this file except in compliance
    with the License.  You may obtain a copy of the License at
    
    http://www.apache.org/licenses/LICENSE-2.0
    
    Unless required by applicable law or agreed to in writing,
    software distributed under the License is distributed on an
    "AS IS" BASIS, WITHOUT WARRANTIES OR CONDITIONS OF ANY
    KIND, either express or implied.  See the License for the
    specific language governing permissions and limitations
    under the License.
-->
<section xmlns:xsi="http://www.w3.org/2001/XMLSchema-instance" version="5.0" xmlns:xl="http://www.w3.org/1999/xlink"
    xmlns:xi="http://www.w3.org/2001/XInclude" xsi:schemaLocation="http://docbook.org/ns/docbook ../../../content/dtd/docbook.xsd"
    xmlns="http://docbook.org/ns/docbook">
    <title>The OFBiz Setup Create First Customer help screen.</title>
    <para> The First Customer screen provides create/edit the first customer of your organization and also setup the "Shipping Destination Address" ,
        "General Correspondence Address", any telephone numbers, and email addresses you want for your first customer. </para>
    <section>
        <title>How do I update the profile information of the first customer?</title>
        <para>After the first customer is created the profile and contact information screen will be displayed</para>
        <para>
            <orderedlist>
                <listitem>
                    <para>Select the 'Update' button on the top corner of the profile information and the screen will be displayed: Any existing
                        information will be displayed in the box</para>
                </listitem>
                <listitem>
                    <para>Amend the details in the profile information that needs to be updated</para>
                </listitem>
                <listitem>
                    <para>Press the 'Save' button</para>
                </listitem>
                <listitem>
                    <para>Press the 'Cancel/Done' button for go back to the first customer screen</para>
                </listitem>
            </orderedlist>
        </para>
    </section>
</section>
