<?xml version="1.0" encoding="UTF-8"?>
<!--
    Licensed to the Apache Software Foundation (ASF) under one
    or more contributor license agreements.  See the NOTICE file
    distributed with this work for additional information
    regarding copyright ownership.  The ASF licenses this file
    to you under the Apache License, Version 2.0 (the
    "License"); you may not use this file except in compliance
    with the License.  You may obtain a copy of the License at
    
    http://www.apache.org/licenses/LICENSE-2.0
    
    Unless required by applicable law or agreed to in writing,
    software distributed under the License is distributed on an
    "AS IS" BASIS, WITHOUT WARRANTIES OR CONDITIONS OF ANY
    KIND, either express or implied.  See the License for the
    specific language governing permissions and limitations
    under the License.
-->
<section xmlns:xsi="http://www.w3.org/2001/XMLSchema-instance" version="5.0" xmlns:xl="http://www.w3.org/1999/xlink"
    xmlns:xi="http://www.w3.org/2001/XInclude" xsi:schemaLocation="http://docbook.org/ns/docbook ../../../content/dtd/docbook.xsd"
    xmlns="http://docbook.org/ns/docbook">
    <title>The OFBiz Setup Edit First Product Category help screen.</title>
    <para> The Edit First Product Category screen is used to manage the first category with related the first catalog. </para>
    <section>
        <title>How do I create a Category?</title>
        <para>
            <orderedlist>
                <listitem>
                    <para>Select the 'Category' sub menu and the screen will be displayed</para>
                </listitem>
                <listitem>
                    <para>Enter the 'Product Category Id ' field (NOTE: If you do not enter the 'Product Category Id' field it will be used the
                        default as 'Organization Party Id')</para>
                </listitem>
                <listitem>
                    <para>Enter the 'Category Name' field </para>
                </listitem>
                <listitem>
                    <para>Enter a description describing what the category is</para>
                </listitem>
                <listitem>
                    <para>Press the 'Update' button</para>
                </listitem>
            </orderedlist>
        </para>
    </section>
    <section>
        <title>How do I update a Category?</title>
        <para>Not all the fields on the Category can be updated. For example Prod Catalog Id cannot be updated. If these fields need to be amended
            then the Category will need to be removed and then re-created.</para>
        <para>
            <orderedlist>
                <listitem>
                    <para>Select the 'Category' sub menu and the screen will be displayed: Any existing Category will be displayed in the box</para>
                </listitem>
                <listitem>
                    <para>Amend the details in the line item that needs to be updated (eg Category Name, Product Description )</para>
                </listitem>
                <listitem>
                    <para>Press the 'Update' button displayed at the end of the line item that has been updated </para>
                </listitem>
            </orderedlist>
        </para>
    </section>
</section>
